what,kind,bundleId,bundleVersion,description,time
stopped,bundle,org.eclipse.datatools.sqltools.sql.ui,1.0.0.v200906022302,"org.eclipse.datatools.sqltools.sql.ui",1316737518750
stopped,bundle,org.eclipse.rse.services.dstore,3.1.101.v201009071110,"org.eclipse.rse.services.dstore",1316737518750
stopped,bundle,org.eclipse.dstore.core,3.2.1.v201009071110,"org.eclipse.dstore.core",1316737518750
stopped,bundle,org.eclipse.dstore.extra,2.1.101.v200907301400,"org.eclipse.dstore.extra",1316737518750
stopped,bundle,org.eclipse.emf.codegen.ui,2.5.0.v200906151043,"org.eclipse.emf.codegen.ui",1316737518750
stopped,bundle,org.eclipse.emf.common.ui,2.5.0.v200906151043,"org.eclipse.emf.common.ui",1316737518751
stopped,bundle,org.eclipse.equinox.p2.ui.sdk,1.0.100.v20090520-1905,"org.eclipse.equinox.p2.ui.sdk",1316737518751
stopped,bundle,org.eclipse.equinox.p2.ui.sdk.scheduler,1.0.0.v20090520-1905,"org.eclipse.equinox.p2.ui.sdk.scheduler",1316737518751
stopped,bundle,org.eclipse.wst.server.discovery,1.0.1.v20100210,"org.eclipse.wst.server.discovery",1316737518751
stopped,bundle,org.eclipse.equinox.p2.ui,1.0.101.R35x_v20090819,"org.eclipse.equinox.p2.ui",1316737518752
stopped,bundle,org.eclipse.equinox.security.ui,1.0.100.v20090520-1800,"org.eclipse.equinox.security.ui",1316737518752
stopped,bundle,org.eclipse.ui.cheatsheets,3.3.200.v20090526,"org.eclipse.ui.cheatsheets",1316737518752
stopped,bundle,org.eclipse.help.ui,3.4.1.v20090819_35x,"org.eclipse.help.ui",1316737518752
stopped,bundle,org.eclipse.jem.beaninfo,2.0.300.v200905030615,"org.eclipse.jem.beaninfo",1316737518752
stopped,bundle,org.eclipse.jst.j2ee.ejb.annotation.model,1.1.102.v200805140020,"org.eclipse.jst.j2ee.ejb.annotation.model",1316737518752
stopped,bundle,org.eclipse.jst.j2ee.webservice,1.1.300.v200901220600,"org.eclipse.jst.j2ee.webservice",1316737518752
stopped,bundle,org.eclipse.jst.ws.axis.consumption.core,1.0.306.v200810082309,"org.eclipse.jst.ws.axis.consumption.core",1316737518752
stopped,bundle,org.eclipse.jst.ws.consumption,1.0.408.v200911241817,"org.eclipse.jst.ws.consumption",1316737518752
stopped,bundle,org.eclipse.jst.ws.axis2.core,1.0.204.v201004211805,"org.eclipse.jst.ws.axis2.core",1316737518752
stopped,bundle,org.eclipse.jst.ws,1.0.407.v200905191120,"org.eclipse.jst.ws",1316737518753
stopped,bundle,org.eclipse.jst.jee.ejb,1.0.201.v201002021057,"org.eclipse.jst.jee.ejb",1316737518753
stopped,bundle,org.eclipse.jst.j2ee.ejb,1.1.301.v201001252130,"org.eclipse.jst.j2ee.ejb",1316737518753
stopped,bundle,org.eclipse.jst.jee.web,1.0.201.v201002031231,"org.eclipse.jst.jee.web",1316737518753
stopped,bundle,org.eclipse.jst.j2ee.web,1.1.301.v200911302230,"org.eclipse.jst.j2ee.web",1316737518753
stopped,bundle,org.eclipse.jst.jee,1.0.201.v201002021055,"org.eclipse.jst.jee",1316737518753
stopped,bundle,org.eclipse.jst.j2ee.jca,1.1.301.v201001252130,"org.eclipse.jst.j2ee.jca",1316737518753
stopped,bundle,org.eclipse.jst.j2ee,1.1.301.v201001272230,"org.eclipse.jst.j2ee",1316737518753
stopped,bundle,org.eclipse.jst.common.frameworks,1.1.301.v201001252130,"org.eclipse.jst.common.frameworks",1316737518753
stopped,bundle,org.eclipse.jem.workbench,2.0.201.v200911302230,"org.eclipse.jem.workbench",1316737518753
stopped,bundle,org.eclipse.jst.j2ee.core,1.1.301.v200911302230,"org.eclipse.jst.j2ee.core",1316737518753
stopped,bundle,org.eclipse.jem,2.0.301.v201001252130,"org.eclipse.jem",1316737518753
stopped,bundle,org.eclipse.jem.proxy,2.0.201.v200908101600,"org.eclipse.jem.proxy",1316737518754
stopped,bundle,org.eclipse.ui.views.properties.tabbed,3.5.0.I20090429-1800,"org.eclipse.ui.views.properties.tabbed",1316737518754
stopped,bundle,org.eclipse.update.scheduler,3.2.200.v20081127,"org.eclipse.update.scheduler",1316737518754
stopped,bundle,org.eclipse.update.ui,3.2.201.R35x_v20090813,"org.eclipse.update.ui",1316737518754
stopped,bundle,org.eclipse.wst.validation.ui,1.2.104.v200904232035,"org.eclipse.wst.validation.ui",1316737518754
stopped,bundle,org.eclipse.wst.ws.service.policy.ui,1.0.102.v200903070248,"org.eclipse.wst.ws.service.policy.ui",1316737518754
stopped,bundle,org.eclipse.ui.views.log,1.0.100.v20090731,"org.eclipse.ui.views.log",1316737518754
stopped,bundle,org.eclipse.wst.ws.explorer,1.0.408.v200911241806,"org.eclipse.wst.ws.explorer",1316737518754
stopped,bundle,org.eclipse.wst.ws.ui,1.1.100.v200903112221,"org.eclipse.wst.ws.ui",1316737518754
stopped,bundle,org.eclipse.wst.command.env.ui,1.1.2.v200811200248,"org.eclipse.wst.command.env.ui",1316737518755
stopped,bundle,org.eclipse.wst.common.frameworks.ui,1.1.301.v200908101600,"org.eclipse.wst.common.frameworks.ui",1316737518755
stopped,bundle,org.eclipse.wst.internet.monitor.ui,1.0.305.v20100123,"org.eclipse.wst.internet.monitor.ui",1316737518755
stopped,bundle,org.eclipse.wst.common.project.facet.ui,1.4.102.v201008170019,"org.eclipse.wst.common.project.facet.ui",1316737518755
stopped,bundle,org.eclipse.wst.xsl.jaxp.launching,1.0.100.v201004290328,"org.eclipse.wst.xsl.jaxp.launching",1316737518755
stopped,bundle,org.eclipse.wst.xsl.launching,1.0.100.v201004290328,"org.eclipse.wst.xsl.launching",1316737518756
stopped,bundle,org.eclipse.ui.ide,3.5.2.M20100113-0800,"org.eclipse.ui.ide",1316737518822
stopped,bundle,org.eclipse.epp.usagedata.ui,1.3.0.R201005261100,"org.eclipse.epp.usagedata.ui",1316737518822
stopped,bundle,org.eclipse.ui.intro.universal,3.2.300.v20090526,"org.eclipse.ui.intro.universal",1316737518822
stopped,bundle,org.eclipse.ui.intro,3.3.2.v20100111_35x,"org.eclipse.ui.intro",1316737518822
activated,perspective,org.eclipse.jst.j2ee.ui,,"org.eclipse.jst.j2ee.J2EEPerspective",1316737539255
started,bundle,org.eclipse.osgi,3.6.0.v20100517,"org.eclipse.osgi",1316737539258
started,bundle,org.eclipse.equinox.simpleconfigurator,1.0.200.v20100503,"org.eclipse.equinox.simpleconfigurator",1316737539259
started,bundle,com.ibm.icu,4.2.1.v20100412,"com.ibm.icu",1316737539261
started,bundle,org.eclipse.core.contenttype,3.4.100.v20100505-1235,"org.eclipse.core.contenttype",1316737539263
started,bundle,org.eclipse.core.databinding.observable,1.3.0.I20100601-0800,"org.eclipse.core.databinding.observable",1316737539265
started,bundle,org.eclipse.core.expressions,3.4.200.v20100505,"org.eclipse.core.expressions",1316737539265
started,bundle,org.eclipse.core.filebuffers,3.5.100.v20100520-0800,"org.eclipse.core.filebuffers",1316737539266
started,bundle,org.eclipse.core.filesystem,1.3.0.v20100526-0737,"org.eclipse.core.filesystem",1316737539267
started,bundle,org.eclipse.core.jobs,3.5.0.v20100515,"org.eclipse.core.jobs",1316737539269
started,bundle,org.eclipse.core.net,1.2.100.I20100511-0800,"org.eclipse.core.net",1316737539269
started,bundle,org.eclipse.core.resources,3.6.0.v20100526-0737,"org.eclipse.core.resources",1316737539269
started,bundle,org.eclipse.core.runtime,3.6.0.v20100505,"org.eclipse.core.runtime",1316737539270
started,bundle,org.eclipse.core.runtime.compatibility,3.2.100.v20100505,"org.eclipse.core.runtime.compatibility",1316737539271
started,bundle,org.eclipse.core.runtime.compatibility.auth,3.2.200.v20100517,"org.eclipse.core.runtime.compatibility.auth",1316737539271
started,bundle,org.eclipse.debug.core,3.6.0.v20100519,"org.eclipse.debug.core",1316737539272
started,bundle,org.eclipse.emf.ecore.xmi,2.5.0.v20100521-1846,"org.eclipse.emf.ecore.xmi",1316737539273
started,bundle,org.eclipse.equinox.app,1.3.0.v20100512,"org.eclipse.equinox.app",1316737539273
started,bundle,org.eclipse.equinox.common,3.6.0.v20100503,"org.eclipse.equinox.common",1316737539273
started,bundle,org.eclipse.equinox.ds,1.2.0.v20100507,"org.eclipse.equinox.ds",1316737539274
started,bundle,org.eclipse.equinox.event,1.2.0.v20100503,"org.eclipse.equinox.event",1316737539274
started,bundle,org.eclipse.equinox.p2.core,2.0.0.v20100510,"org.eclipse.equinox.p2.core",1316737539275
started,bundle,org.eclipse.equinox.p2.directorywatcher,1.0.200.v20100601,"org.eclipse.equinox.p2.directorywatcher",1316737539275
started,bundle,org.eclipse.equinox.p2.engine,2.0.0.v20100606,"org.eclipse.equinox.p2.engine",1316737539276
started,bundle,org.eclipse.equinox.p2.metadata,2.0.0.v20100601,"org.eclipse.equinox.p2.metadata",1316737539276
started,bundle,org.eclipse.equinox.p2.metadata.repository,1.1.0.v20100513,"org.eclipse.equinox.p2.metadata.repository",1316737539277
started,bundle,org.eclipse.equinox.p2.operations,2.0.0.v20100510,"org.eclipse.equinox.p2.operations",1316737539277
started,bundle,org.eclipse.equinox.p2.reconciler.dropins,1.1.0.v20100525,"org.eclipse.equinox.p2.reconciler.dropins",1316737539278
started,bundle,org.eclipse.equinox.p2.repository,2.0.0.v20100519,"org.eclipse.equinox.p2.repository",1316737539278
started,bundle,org.eclipse.equinox.p2.ui.sdk.scheduler,1.0.0.v20100507-1815,"org.eclipse.equinox.p2.ui.sdk.scheduler",1316737539278
started,bundle,org.eclipse.equinox.p2.updatechecker,1.1.100.v20100503a,"org.eclipse.equinox.p2.updatechecker",1316737539279
started,bundle,org.eclipse.equinox.preferences,3.3.0.v20100503,"org.eclipse.equinox.preferences",1316737539279
started,bundle,org.eclipse.equinox.registry,3.5.0.v20100503,"org.eclipse.equinox.registry",1316737539280
started,bundle,org.eclipse.equinox.security,1.0.200.v20100503,"org.eclipse.equinox.security",1316737539280
started,bundle,org.eclipse.equinox.util,1.0.200.v20100503,"org.eclipse.equinox.util",1316737539281
started,bundle,org.eclipse.help,3.5.0.v20100524,"org.eclipse.help",1316737539281
started,bundle,org.eclipse.jdt.core,3.6.0.v_A58,"org.eclipse.jdt.core",1316737539282
started,bundle,org.eclipse.jdt.core.manipulation,1.3.0.v20100520-0800,"org.eclipse.jdt.core.manipulation",1316737539283
started,bundle,org.eclipse.jdt.junit,3.6.0.v20100526-0800,"org.eclipse.jdt.junit",1316737539284
started,bundle,org.eclipse.jdt.junit.core,3.6.0.v20100526-0800,"org.eclipse.jdt.junit.core",1316737539285
started,bundle,org.eclipse.jdt.ui,3.6.0.v20100602-1600,"org.eclipse.jdt.ui",1316737539288
started,bundle,org.eclipse.jface,3.6.0.I20100601-0800,"org.eclipse.jface",1316737539289
started,bundle,org.eclipse.jsch.core,1.1.200.I20100505-1245,"org.eclipse.jsch.core",1316737539289
started,bundle,org.eclipse.jst.j2ee.webservice,1.1.400.v201004110600,"org.eclipse.jst.j2ee.webservice",1316737539290
started,bundle,org.eclipse.jst.j2ee.webservice.ui,1.1.400.v201004110600,"org.eclipse.jst.j2ee.webservice.ui",1316737539290
started,bundle,org.eclipse.jst.ws.jaxws.utils,1.0.0.v201004171919,"org.eclipse.jst.ws.jaxws.utils",1316737539291
started,bundle,org.eclipse.mylyn.bugzilla.core,3.4.0.v20100608-0100-e3x,"org.eclipse.mylyn.bugzilla.core",1316737539291
started,bundle,org.eclipse.mylyn.bugzilla.ui,3.4.0.v20100608-0100-e3x,"org.eclipse.mylyn.bugzilla.ui",1316737539292
started,bundle,org.eclipse.mylyn.commons.net,3.4.0.v20100608-0100-e3x,"org.eclipse.mylyn.commons.net",1316737539292
started,bundle,org.eclipse.mylyn.commons.ui,3.4.0.v20100608-0100-e3x,"org.eclipse.mylyn.commons.ui",1316737539292
started,bundle,org.eclipse.mylyn.context.core,3.4.0.v20100608-0100-e3x,"org.eclipse.mylyn.context.core",1316737539293
started,bundle,org.eclipse.mylyn.context.ui,3.4.0.v20100608-0100-e3x,"org.eclipse.mylyn.context.ui",1316737539293
started,bundle,org.eclipse.mylyn.monitor.ui,3.4.0.v20100608-0100-e3x,"org.eclipse.mylyn.monitor.ui",1316737539294
started,bundle,org.eclipse.mylyn.tasks.ui,3.4.0.v20100608-0100-e3x,"org.eclipse.mylyn.tasks.ui",1316737539294
started,bundle,org.eclipse.mylyn.team.ui,3.4.0.v20100608-0100-e3x,"org.eclipse.mylyn.team.ui",1316737539295
started,bundle,org.eclipse.team.core,3.5.100.I20100527-0800,"org.eclipse.team.core",1316737539295
started,bundle,org.eclipse.team.cvs.core,3.3.300.I20100526-0800,"org.eclipse.team.cvs.core",1316737539296
started,bundle,org.eclipse.team.cvs.ui,3.3.300.I20100526-0800,"org.eclipse.team.cvs.ui",1316737539297
started,bundle,org.eclipse.team.ui,3.5.100.I20100527-0800,"org.eclipse.team.ui",1316737539298
started,bundle,org.eclipse.ui,3.6.0.I20100603-1100,"org.eclipse.ui",1316737539299
started,bundle,org.eclipse.ui.console,3.5.0.v20100526,"org.eclipse.ui.console",1316737539300
started,bundle,org.eclipse.ui.editors,3.6.0.v20100520-0800,"org.eclipse.ui.editors",1316737539300
started,bundle,org.eclipse.ui.forms,3.5.0.v20100427,"org.eclipse.ui.forms",1316737539301
started,bundle,org.eclipse.ui.ide,3.6.0.I20100601-0800,"org.eclipse.ui.ide",1316737539302
started,bundle,org.eclipse.ui.navigator,3.5.0.I20100601-0800,"org.eclipse.ui.navigator",1316737539303
started,bundle,org.eclipse.ui.navigator.resources,3.4.200.I20100601-0800,"org.eclipse.ui.navigator.resources",1316737539303
started,bundle,org.eclipse.ui.net,1.2.100.I20100505-1245,"org.eclipse.ui.net",1316737539303
started,bundle,org.eclipse.ui.views,3.5.0.I20100527-0800,"org.eclipse.ui.views",1316737539304
started,bundle,org.eclipse.ui.workbench,3.6.0.I20100603-1100,"org.eclipse.ui.workbench",1316737539304
started,bundle,org.eclipse.ui.workbench.texteditor,3.6.0.v20100520-0800,"org.eclipse.ui.workbench.texteditor",1316737539306
started,bundle,org.eclipse.update.configurator,3.3.100.v20100512,"org.eclipse.update.configurator",1316737539306
started,bundle,org.eclipse.update.core,3.2.400.v20100512,"org.eclipse.update.core",1316737539307
started,bundle,org.eclipse.update.scheduler,3.2.300.v20100512,"org.eclipse.update.scheduler",1316737539307
started,bundle,org.eclipse.wst.common.frameworks,1.2.0.v201003040800,"org.eclipse.wst.common.frameworks",1316737539308
started,bundle,com.google.appengine.eclipse.core,1.4.0.v201010280102,"com.google.appengine.eclipse.core",1316737539308
started,bundle,com.google.gdt.eclipse.core,1.4.0.v201010280102,"com.google.gdt.eclipse.core",1316737539309
started,bundle,com.google.gdt.eclipse.platform.e36,1.4.0.v201010280102,"com.google.gdt.eclipse.platform.e36",1316737539309
started,bundle,com.google.gdt.eclipse.platform.shared,1.4.0.v201010280102,"com.google.gdt.eclipse.platform.shared",1316737539309
started,bundle,com.google.gdt.eclipse.suite,1.4.0.v201010280102,"com.google.gdt.eclipse.suite",1316737539310
started,bundle,com.google.gwt.eclipse.core,1.4.0.v201010280102,"com.google.gwt.eclipse.core",1316737539310
started,bundle,org.eclipse.emf.common,2.6.0.v20100914-1218,"org.eclipse.emf.common",1316737539310
started,bundle,org.eclipse.emf.common.ui,2.6.0.v20100914-1218,"org.eclipse.emf.common.ui",1316737539310
started,bundle,org.eclipse.emf.ecore,2.6.1.v20100914-1218,"org.eclipse.emf.ecore",1316737539310
started,bundle,org.eclipse.emf.edit,2.6.0.v20100914-1218,"org.eclipse.emf.edit",1316737539310
started,bundle,org.eclipse.emf.edit.ui,2.6.0.v20100914-1218,"org.eclipse.emf.edit.ui",1316737539310
started,bundle,org.eclipse.wst.common.project.facet.core,1.4.102.v201008170019,"org.eclipse.wst.common.project.facet.core",1316737539310
started,bundle,com.industriallogic.eclipse.recorder,2.1.2.201102020914,"com.industriallogic.eclipse.recorder",1316737539310
started,bundle,com.industriallogic.eclipse.recordingarchiver,2.1.0.201102020914,"com.industriallogic.eclipse.recordingarchiver",1316737539310
started,bundle,org.eclipse.egit.core,0.11.1,"org.eclipse.egit.core",1316737539311
started,bundle,org.eclipse.egit.ui,0.11.1,"org.eclipse.egit.ui",1316737539312
started,bundle,org.eclipse.epp.usagedata.gathering,1.3.1.R201102081640,"org.eclipse.epp.usagedata.gathering",1316737539312
started,bundle,org.eclipse.epp.usagedata.recording,1.3.1.R201102081640,"org.eclipse.epp.usagedata.recording",1316737539313
started,bundle,org.eclipse.jgit,0.11.1,"org.eclipse.jgit",1316737539313
started,bundle,org.eclipse.jem.util,2.1.3.v201012070000,"org.eclipse.jem.util",1316737539313
started,bundle,org.eclipse.wst.common.emf,1.2.3.v201012100400,"org.eclipse.wst.common.emf",1316737539314
started,bundle,org.eclipse.wst.common.emfworkbench.integration,1.2.3.v201012020600,"org.eclipse.wst.common.emfworkbench.integration",1316737539314
started,bundle,org.eclipse.wst.web,1.1.402.v201012160000,"org.eclipse.wst.web",1316737539315
started,bundle,com.python.pydev.analysis,2.2.2.2011082312,"com.python.pydev.analysis",1316737539315
started,bundle,org.python.pydev,2.2.2.2011082312,"org.python.pydev",1316737539315
started,bundle,org.python.pydev.core,2.2.2.2011082312,"org.python.pydev.core",1316737539316
os,sysinfo,,,"win32",1316737539319
arch,sysinfo,,,"x86_64",1316737539319
ws,sysinfo,,,"win32",1316737539319
locale,sysinfo,,,"de_CH",1316737539319
processors,sysinfo,,,"2",1316737539319
java.runtime.name,sysinfo,,,"Java(TM) SE Runtime Environment",1316737539319
java.runtime.version,sysinfo,,,"1.6.0_18-b07",1316737539319
java.specification.name,sysinfo,,,"Java Platform API Specification",1316737539319
java.specification.vendor,sysinfo,,,"Sun Microsystems Inc.",1316737539319
java.specification.version,sysinfo,,,"1.6",1316737539319
java.vendor,sysinfo,,,"Sun Microsystems Inc.",1316737539319
java.version,sysinfo,,,"1.6.0_18",1316737539319
java.vm.info,sysinfo,,,"mixed mode",1316737539319
java.vm.name,sysinfo,,,"Java HotSpot(TM) 64-Bit Server VM",1316737539319
java.vm.specification.name,sysinfo,,,"Java Virtual Machine Specification",1316737539319
java.vm.specification.vendor,sysinfo,,,"Sun Microsystems Inc.",1316737539319
java.vm.specification.version,sysinfo,,,"1.0",1316737539319
java.vm.vendor,sysinfo,,,"Sun Microsystems Inc.",1316737539319
java.vm.version,sysinfo,,,"16.0-b13",1316737539319
started,bundle,com.android.ide.eclipse.ddms,10.0.1.v201103111512-110841,"com.android.ide.eclipse.ddms",1316737555282
started,bundle,org.eclipse.wst.sse.core,1.1.504.v201102160550,"org.eclipse.wst.sse.core",1316737555342
started,bundle,com.android.ide.eclipse.adt,10.0.1.v201103111512-110841,"com.android.ide.eclipse.adt",1316737555343
started,bundle,org.eclipse.ltk.core.refactoring,3.5.100.v20100526-0800,"org.eclipse.ltk.core.refactoring",1316737555343
started,bundle,org.eclipse.ltk.ui.refactoring,3.5.0.v20100526-0800,"org.eclipse.ltk.ui.refactoring",1316737555346
deactivated,workbench,org.eclipse.ui.workbench,3.6.0.I20100603-1100,"",1316737555364
started,bundle,com.android.ide.eclipse.traceview,10.0.1.v201103111512-110841,"com.android.ide.eclipse.traceview",1316737555401
activated,workbench,org.eclipse.ui.workbench,3.6.0.I20100603-1100,"",1316737556421
deactivated,workbench,org.eclipse.ui.workbench,3.6.0.I20100603-1100,"",1316737557536
activated,workbench,org.eclipse.ui.workbench,3.6.0.I20100603-1100,"",1316737559174
closed,workbench,org.eclipse.ui.workbench,3.6.0.I20100603-1100,"",1316737559263
started,bundle,org.eclipse.compare,3.5.100.I20100526-0800,"org.eclipse.compare",1316737559535
stopped,bundle,org.eclipse.jst.j2ee.xdoclet.runtime,1.1.300.v201004280700,"org.eclipse.jst.j2ee.xdoclet.runtime",1316737559713
stopped,bundle,org.eclipse.jst.j2ee.ejb.annotations.xdoclet,1.2.100.v201003112036,"org.eclipse.jst.j2ee.ejb.annotations.xdoclet",1316737559713
stopped,bundle,org.eclipse.jst.server.generic.jboss,1.6.1.v200904151730,"org.eclipse.jst.server.generic.jboss",1316737559714
stopped,bundle,org.eclipse.jst.server.generic.jonas,1.5.205.v200805140145,"org.eclipse.jst.server.generic.jonas",1316737559715
stopped,bundle,org.eclipse.jst.server.generic.oc4j,1.5.206.v20090812,"org.eclipse.jst.server.generic.oc4j",1316737559716
stopped,bundle,org.eclipse.jst.server.websphere.core,1.0.302.v20080620,"org.eclipse.jst.server.websphere.core",1316737559716
stopped,bundle,org.eclipse.jst.server.generic.ui,1.0.505.v20100428,"org.eclipse.jst.server.generic.ui",1316737559717
stopped,bundle,org.eclipse.jst.server.generic.core,1.0.606.v20100512,"org.eclipse.jst.server.generic.core",1316737559718
stopped,bundle,org.eclipse.mylyn.ide.ant,3.4.0.v20100608-0100-e3x,"org.eclipse.mylyn.ide.ant",1316737559718
stopped,bundle,org.eclipse.datatools.connectivity.oda.template.ui,3.2.1.v201004090942,"org.eclipse.datatools.connectivity.oda.template.ui",1316737559719
stopped,bundle,org.eclipse.pde.ds.ui,1.0.100.v20100601,"org.eclipse.pde.ds.ui",1316737559719
stopped,bundle,org.eclipse.pde.runtime,3.4.200.v20100601,"org.eclipse.pde.runtime",1316737559720
stopped,bundle,org.eclipse.pde.ua.ui,1.0.100.v20100504,"org.eclipse.pde.ua.ui",1316737559721
stopped,bundle,org.eclipse.pde.ui.templates,3.4.200.v20100601,"org.eclipse.pde.ui.templates",1316737559722
stopped,bundle,org.eclipse.pde.api.tools.ui,1.0.201.v20100820_r361,"org.eclipse.pde.api.tools.ui",1316737559723
stopped,bundle,org.eclipse.pde.ui,3.6.1.v20100810_r361,"org.eclipse.pde.ui",1316737559726
stopped,bundle,org.eclipse.ant.ui,3.5.0.v20100427,"org.eclipse.ant.ui",1316737559727
stopped,bundle,org.eclipse.ant.launching,1.0.0.v20100427,"org.eclipse.ant.launching",1316737559729
stopped,bundle,org.eclipse.compare.win32,1.0.100.I20100505-1245,"org.eclipse.compare.win32",1316737559731
stopped,bundle,com.google.appengine.eclipse.sdkbundle.1.3.8,1.3.8.v201010161055,"com.google.appengine.eclipse.sdkbundle.1.3.8",1316737559734
stopped,bundle,com.google.gdt.eclipse.maven,1.4.0.v201010280102,"com.google.gdt.eclipse.maven",1316737559735
stopped,bundle,com.google.gdt.eclipse.suite,1.4.0.v201010280102,"com.google.gdt.eclipse.suite",1316737559737
stopped,bundle,com.google.appengine.eclipse.core,1.4.0.v201010280102,"com.google.appengine.eclipse.core",1316737559737
stopped,bundle,com.google.gwt.eclipse.oophm,1.4.0.v201010280102,"com.google.gwt.eclipse.oophm",1316737559738
stopped,bundle,com.google.gwt.eclipse.sdkbundle.2.1.0,2.1.0.v201010280102,"com.google.gwt.eclipse.sdkbundle.2.1.0",1316737559738
stopped,bundle,com.google.gwt.eclipse.core,1.4.0.v201010280102,"com.google.gwt.eclipse.core",1316737559743
stopped,bundle,com.google.gdt.eclipse.core,1.4.0.v201010280102,"com.google.gdt.eclipse.core",1316737559743
stopped,bundle,com.google.gdt.eclipse.platform,1.4.0.v201010280102,"com.google.gdt.eclipse.platform",1316737559744
stopped,bundle,com.google.gdt.eclipse.platform.e36,1.4.0.v201010280102,"com.google.gdt.eclipse.platform.e36",1316737559744
stopped,bundle,org.eclipse.equinox.p2.ui.sdk,1.0.100.v20100513,"org.eclipse.equinox.p2.ui.sdk",1316737559745
stopped,bundle,org.eclipse.jst.server.tomcat.ui,1.1.200.v20100418,"org.eclipse.jst.server.tomcat.ui",1316737559746
stopped,bundle,org.eclipse.jst.server.ui,1.1.100.v20100511,"org.eclipse.jst.server.ui",1316737559746
stopped,bundle,org.eclipse.mylyn.java.tasks,3.4.0.v20100608-0100-e3x,"org.eclipse.mylyn.java.tasks",1316737559747
stopped,bundle,org.eclipse.mylyn.java.ui,3.4.0.v20100608-0100-e3x,"org.eclipse.mylyn.java.ui",1316737559747
stopped,bundle,com.industriallogic.eclipse.recorder,2.1.2.201102020914,"com.industriallogic.eclipse.recorder",1316737559747
stopped,bundle,com.android.ide.eclipse.adt,10.0.1.v201103111512-110841,"com.android.ide.eclipse.adt",1316737559747
stopped,bundle,org.eclipse.jdt.junit,3.6.0.v20100526-0800,"org.eclipse.jdt.junit",1316737559748
stopped,bundle,org.eclipse.jpt.eclipselink.ui,1.3.0.v201004280001,"org.eclipse.jpt.eclipselink.ui",1316737559749
stopped,bundle,org.eclipse.jpt.eclipselink.core,1.3.0.v201005250000,"org.eclipse.jpt.eclipselink.core",1316737559750
stopped,bundle,org.eclipse.jpt.jaxb.ui,1.0.0.v201006070001,"org.eclipse.jpt.jaxb.ui",1316737559762
stopped,bundle,org.eclipse.jpt.ui,2.3.0.v201005190001,"org.eclipse.jpt.ui",1316737559778
stopped,bundle,org.eclipse.jpt.core,2.3.0.v201006020000,"org.eclipse.jpt.core",1316737559797
stopped,bundle,org.eclipse.jpt.db,1.2.200.v201004290000,"org.eclipse.jpt.db",1316737559860
stopped,bundle,org.eclipse.datatools.enablement.jdt.classpath,1.0.1.v201004070709,"org.eclipse.datatools.enablement.jdt.classpath",1316737559860
activated,perspective,org.eclipse.jst.j2ee.ui,,"org.eclipse.jst.j2ee.J2EEPerspective",1316737574181
started,bundle,org.eclipse.osgi,3.6.0.v20100517,"org.eclipse.osgi",1316737574184
started,bundle,org.eclipse.equinox.simpleconfigurator,1.0.200.v20100503,"org.eclipse.equinox.simpleconfigurator",1316737574185
started,bundle,com.ibm.icu,4.2.1.v20100412,"com.ibm.icu",1316737574186
started,bundle,org.eclipse.core.contenttype,3.4.100.v20100505-1235,"org.eclipse.core.contenttype",1316737574187
started,bundle,org.eclipse.core.databinding.observable,1.3.0.I20100601-0800,"org.eclipse.core.databinding.observable",1316737574188
started,bundle,org.eclipse.core.expressions,3.4.200.v20100505,"org.eclipse.core.expressions",1316737574188
started,bundle,org.eclipse.core.filebuffers,3.5.100.v20100520-0800,"org.eclipse.core.filebuffers",1316737574189
started,bundle,org.eclipse.core.filesystem,1.3.0.v20100526-0737,"org.eclipse.core.filesystem",1316737574190
started,bundle,org.eclipse.core.jobs,3.5.0.v20100515,"org.eclipse.core.jobs",1316737574191
started,bundle,org.eclipse.core.net,1.2.100.I20100511-0800,"org.eclipse.core.net",1316737574192
started,bundle,org.eclipse.core.resources,3.6.0.v20100526-0737,"org.eclipse.core.resources",1316737574193
started,bundle,org.eclipse.core.runtime,3.6.0.v20100505,"org.eclipse.core.runtime",1316737574193
started,bundle,org.eclipse.core.runtime.compatibility,3.2.100.v20100505,"org.eclipse.core.runtime.compatibility",1316737574194
started,bundle,org.eclipse.core.runtime.compatibility.auth,3.2.200.v20100517,"org.eclipse.core.runtime.compatibility.auth",1316737574195
started,bundle,org.eclipse.debug.core,3.6.0.v20100519,"org.eclipse.debug.core",1316737574197
started,bundle,org.eclipse.emf.ecore.xmi,2.5.0.v20100521-1846,"org.eclipse.emf.ecore.xmi",1316737574198
started,bundle,org.eclipse.equinox.app,1.3.0.v20100512,"org.eclipse.equinox.app",1316737574198
started,bundle,org.eclipse.equinox.common,3.6.0.v20100503,"org.eclipse.equinox.common",1316737574199
started,bundle,org.eclipse.equinox.ds,1.2.0.v20100507,"org.eclipse.equinox.ds",1316737574200
started,bundle,org.eclipse.equinox.event,1.2.0.v20100503,"org.eclipse.equinox.event",1316737574201
started,bundle,org.eclipse.equinox.p2.core,2.0.0.v20100510,"org.eclipse.equinox.p2.core",1316737574201
started,bundle,org.eclipse.equinox.p2.directorywatcher,1.0.200.v20100601,"org.eclipse.equinox.p2.directorywatcher",1316737574202
started,bundle,org.eclipse.equinox.p2.engine,2.0.0.v20100606,"org.eclipse.equinox.p2.engine",1316737574203
started,bundle,org.eclipse.equinox.p2.metadata,2.0.0.v20100601,"org.eclipse.equinox.p2.metadata",1316737574203
